{"cameraMode":{"drawMode":0,"name":"Shaded","section":"Shading Mode"},"sceneLighting":true,"audioPlay":false,"sceneViewState":{"showFog":true,"showMaterialUpdate":true,"showSkybox":true,"showFlares":true,"showImageEffects":true,"showParticleSystems":true},"in2DMode":false,"pivot":{"x":0.40218666195869448,"y":0.6893683671951294,"z":-0.06633263826370239},"rotation":{"x":-0.1857079714536667,"y":0.7369077205657959,"z":-0.2243250012397766,"w":-0.6100563406944275},"size":0.7415921092033386,"orthographic":false}