{"cameraMode":{"drawMode":0,"name":"Shaded","section":"Shading Mode"},"sceneLighting":true,"audioPlay":false,"sceneViewState":{"showFog":true,"showMaterialUpdate":true,"showSkybox":true,"showFlares":true,"showImageEffects":true,"showParticleSystems":true},"in2DMode":false,"pivot":{"x":-4.243368148803711,"y":-2.368833065032959,"z":8.367647171020508},"rotation":{"x":-0.11777330935001373,"y":0.11206109821796417,"z":-0.013376757502555848,"w":-0.9866095185279846},"size":7.238263130187988,"orthographic":false}